{"cameraMode":{"drawMode":0,"name":"Shaded","section":"Shading Mode"},"sceneLighting":false,"audioPlay":false,"sceneViewState":{"m_AlwaysRefresh":false,"showFog":true,"showSkybox":false,"showFlares":true,"showImageEffects":true,"showParticleSystems":true,"showVisualEffectGraphs":true,"m_FxEnabled":false},"in2DMode":false,"pivot":{"x":2.384185791015625e-7,"y":-0.06003352999687195,"z":0.30792737007141116},"rotation":{"x":0.18409430980682374,"y":0.7843098640441895,"z":-0.2752349078655243,"w":0.524604320526123},"size":1.2450710535049439,"orthographic":false}