{"cameraMode":{"drawMode":0,"name":"Shaded","section":"Shading Mode"},"sceneLighting":false,"audioPlay":false,"sceneViewState":{"m_AlwaysRefresh":false,"showFog":true,"showSkybox":false,"showFlares":true,"showImageEffects":true,"showParticleSystems":true,"showVisualEffectGraphs":true,"m_FxEnabled":false},"in2DMode":false,"pivot":{"x":-0.053788185119628909,"y":3.1460704803466799,"z":-0.5286331176757813},"rotation":{"x":-0.09031074494123459,"y":-0.17149904370307923,"z":0.0157915111631155,"w":-0.9809107780456543},"size":6.307032585144043,"orthographic":false}