{"cameraMode":{"drawMode":0,"name":"Shaded","section":"Shading Mode"},"sceneLighting":false,"audioPlay":false,"sceneViewState":{"m_AlwaysRefresh":false,"showFog":true,"showSkybox":false,"showFlares":true,"showImageEffects":true,"showParticleSystems":true,"showVisualEffectGraphs":true,"m_FxEnabled":false},"in2DMode":false,"pivot":{"x":-0.589665949344635,"y":0.19129033386707307,"z":-0.3030933737754822},"rotation":{"x":-0.09398713707923889,"y":-0.9007167220115662,"z":0.3467698395252228,"w":-0.24415048956871034},"size":0.8906552195549011,"orthographic":false}